root	path	format	doc_type	unit	bytes	modified
archive	Archive/Users/cantoine_old_laptop/Notes/2019/chemistry_notes_v3.docx	docx	word_memo	A	40078	2019-06-19T16:42:00
archive	Archive/Users/cantoine_old_laptop/Projects/FM20/FM20_analogue-delivery_10Aug20.pptx	pptx	deck_readout	A	157090	2020-08-10T16:42:00
archive	Archive/Users/cantoine_old_laptop/Projects/FT09/FT09_analogue-delivery_30Mar16.xlsx	xlsx	wb_results	A	11552	2016-03-30T16:42:00
archive	Archive/Users/cstrachan_old_laptop/commercial/2022/compchem-scope-rates-v3 (2).xlsx	xlsx	wb_pricelist	D	10378	2022-05-19T16:41:00
archive	Archive/Users/cstrachan_old_laptop/partnerships/2020/Copy of dmpk-handoff-workflow-v2.pptx	pptx	deck_internal	D	58449	2020-06-17T16:41:00
archive	Archive/Users/cstrachan_old_laptop/scans/2018/vm-a-qv.18.027-signed-scope-scan.pdf	pdf	word_proposal	D	2688097	2018-03-06T16:41:00
archive	Archive/Users/garethb_old_laptop/Commercial/Capacity_Reviews/CHAMBER_CAPACITY_2017_Rev02.pptx	pptx	deck_internal	E	47021	2016-11-25T16:38:00
archive	Archive/Users/garethb_old_laptop/Commercial/Chamber_Capacity/ChamberRates_2023_v3_FINAL_final.xlsx	xlsx	wb_pricelist	E	9902	2022-11-18T16:38:00
archive	Archive/Users/garethb_old_laptop/Commercial/Signed_Quotes/WA-2013-269_KM12_QUOTE_SIGNED.pdf	pdf	word_proposal	E	2738117	2013-12-20T16:38:00
archive	Archive/Users/langforde_old_laptop/Commercial/2022/early-CMC_rates_060122_EL.xlsx	xlsx	wb_pricelist	F	10497	2022-06-01T15:24:00
archive	Archive/Users/langforde_old_laptop/Proposals/2016/AU08/AU08_vehicle-ladder_quote_040416_EL.docx	docx	word_proposal	F	56579	2016-04-04T15:24:00
archive	Archive/Users/langforde_old_laptop/Training/2021/development-handoff_091521_EL.pptx	pptx	deck_training	F	55514	2021-09-15T15:24:00
archive	Archive/Users/mellerscombe_old_laptop/Bench/Plate_maps/plate_capacity_211106_me.xls	xls	wb_other	B	9728	2006-11-21T13:53:00
archive	Archive/Users/mellerscombe_old_laptop/Handover/Notes/handover_biology_notes_v3.docx	docx	word_memo	B	40731	2019-07-18T13:53:00
archive	Archive/Users/mellerscombe_old_laptop/Presentations/Working/Copy of Screening_workflow.pptx	pptx	deck_internal	B	64617	2013-02-19T13:53:00
archive	Archive/Users/mellerscombe_old_laptop/Studies/BW18_0225/BW18_0225_hERG_CLIENT_v3_FINAL_final.pptx	pptx	deck_readout	B	136086	2018-07-23T13:53:00
archive	Archive/Users/mellerscombe_old_laptop/Training/Plate_acceptance/Plate_acceptance_training_v2.pptx	pptx	deck_training	B	50157	2007-09-13T13:53:00
archive	Archive/Users/mrinalvesi_old_laptop/DMPK/Working/Accession_Handover_052019_v3.xlsx	xlsx	wb_tracker	C	10290	2019-05-20T15:42:00
archive	Archive/Users/mrinalvesi_old_laptop/DMPK/Working/Copy of DMPK_Capabilities_081417.pptx	pptx	deck_capability	C	58068	2017-08-14T15:42:00
archive	Archive/Users/mrinalvesi_old_laptop/DMPK/Working/DMPK_Clearance_031714_v2.pptx	pptx	deck_internal	C	56600	2014-03-17T15:42:00
archive	Archive/Users/omerriman_old_laptop/Commercial/2021/VD_price_grid_18Nov21_revC.xlsx	xlsx	wb_pricelist	A	8729	2021-11-18T16:42:00
archive	Archive/Users/omerriman_old_laptop/Integration/2022/Copy of Brindlewythe_intake_09Jun22.pptx	pptx	deck_internal	A	46575	2022-06-09T16:42:00
archive	Archive/Users/omerriman_old_laptop/Pitches/2007/VD_Chemistry_16May07.ppt	ppt	deck_capability	A	687104	2007-05-16T16:42:00
archive	BrindlewytheData/Finance/Pricing/2026/screening_prices_2026_DRAFT_v3.xlsx	xlsx	wb_pricelist	B	9842	2026-06-17T13:53:00
archive	BrindlewytheData/Marketing/Capabilities/2025/Brindlewythe_screening_capabilities_revC.pptx	pptx	deck_capability	B	74655	2025-04-09T13:53:00
archive	BrindlewytheData/Marketing/Capabilities/2025/Brindlewythe_screening_capabilities_revC_export.pdf	pdf	deck_capability	B	114348	2025-04-10T13:53:00
archive	BrindlewytheData/Marketing/Catalogue/2025/Brindlewythe_services_2025_revB.pdf	pdf	service_catalogue	B	94170	2025-09-03T13:53:00
archive	BrindlewytheData/Proposals/2024/BW24_0097/BW24_0097_Quote_revA.docx	docx	word_proposal	B	43902	2024-02-26T13:53:00
archive	BrindlewytheData/Proposals/2024/BW24_0330/BW24_0330_Quote_revA.docx	docx	word_proposal	B	59647	2024-07-15T13:53:00
archive	BrindlewytheData/Proposals/2025/BW25_0273/BW25_0273_Quote_revA.docx	docx	word_proposal	B	59626	2025-06-09T13:53:00
archive	BrindlewytheData/Proposals/2026/BW26_0401/BW26_0401_Quote_revA.docx	docx	word_proposal	B	60101	2026-08-19T13:53:00
archive	BrindlewytheData/QA/Training/2024/Copy of Sample_handover_training.pptx	pptx	deck_training	B	45078	2024-09-12T13:53:00
archive	BrindlewytheData/Scans/Contracts/2001/BW01_0059_Quote_signed_scan.pdf	pdf	word_proposal	B	2520497	2001-03-14T13:53:00
archive	BrindlewytheData/Scans/Contracts/2003/BW03_0098_Quote_signed_scan.pdf	pdf	word_proposal	B	2589291	2003-04-21T13:53:00
archive	BrindlewytheData/Scans/QA/2008/Plate_reader_QA_certificate_16-10-08_scan.pdf	pdf	word_memo	B	1034464	2008-10-16T13:53:00
archive	BrindlewytheData/Scans/Unsorted/2014/Scan_0043.pdf	pdf	junk	B	45966	2014-04-22T13:53:00
archive	BrindlewytheData/Studies/2001/BW01_0059/Readouts/BW01_0059_CLIENT.ppt	ppt	deck_readout	B	829440	2001-05-18T13:53:00
archive	BrindlewytheData/Studies/2001/BW01_0059/Reports/BW01_0059_Rpt_revB.pdf	pdf	report_study	B	124627	2001-05-18T13:53:00
archive	BrindlewytheData/Studies/2001/BW01_0059/Run_sheets/BW01_0059_RUN04.xls	xls	wb_results	B	56320	2001-05-18T13:53:00
archive	BrindlewytheData/Studies/2003/BW03_0098/Readouts/BW03_0098_CLIENT.ppt	ppt	deck_readout	B	779264	2003-05-23T13:53:00
archive	BrindlewytheData/Studies/2003/BW03_0098/Reports/BW03_0098_Rpt_revB.pdf	pdf	report_study	B	129539	2003-05-23T13:53:00
archive	BrindlewytheData/Studies/2003/BW03_0098/Run_sheets/BW03_0098_RUN04.xls	xls	wb_results	B	58880	2003-05-23T13:53:00
archive	BrindlewytheData/Studies/2011/BW11_0275/Proposal/BW11_0275_Quote_revA.doc	doc	word_proposal	B	56320	2011-08-24T10:08:04
archive	BrindlewytheData/Studies/2011/BW11_0275/Readouts/BW11_0275_CLIENT.pptx	pptx	deck_readout	B	137183	2011-09-27T13:53:00
archive	BrindlewytheData/Studies/2011/BW11_0275/Reports/BW11_0275_Rpt_revB.pdf	pdf	report_study	B	253453	2011-09-27T16:45:06
archive	BrindlewytheData/Studies/2011/BW11_0275/Results/BW11_0275_hERG-CYP_RUN04.xlsx	xlsx	wb_results	B	106245	2011-09-27T10:59:09
archive	BrindlewytheData/Studies/2015/BW15_0277/Reports/BW15_0277_Rpt_revB.pdf	pdf	report_study	B	119818	2015-08-28T13:53:00
archive	BrindlewytheData/Studies/2016/BW16_0168/Reports/BW16_0168_Rpt_revB.pdf	pdf	report_study	B	118255	2016-07-14T13:53:00
archive	BrindlewytheData/Studies/2017/BW17_0167/Reports/BW17_0167_Rpt_revB.pdf	pdf	report_study	B	204454	2017-06-14T08:46:10
archive	BrindlewytheData/Studies/2017/BW17_0167/Results/BW17_0167_hERG_RUN03.xlsx	xlsx	wb_results	B	64443	2017-06-14T09:04:20
archive	BrindlewytheData/Studies/2017/BW17_0415/Reports/BW17_0415_Rpt_revB.pdf	pdf	report_study	B	125107	2018-01-23T13:53:00
archive	BrindlewytheData/Studies/2018/BW18_0225/Reports/BW18_0225_Rpt_revB.pdf	pdf	report_study	B	126896	2018-07-23T13:53:00
archive	BrindlewytheData/Studies/2019/BW19_0436/Reports/BW19_0436_Rpt_revB.pdf	pdf	report_study	B	119971	2019-11-29T13:53:00
archive	BrindlewytheData/Studies/2020/BW20_0137/Readouts/BW20_0137_CLIENT.pptx	pptx	deck_readout	B	149362	2020-05-22T13:53:00
archive	BrindlewytheData/Studies/2020/BW20_0137/Reports/BW20_0137_Rpt_revB.pdf	pdf	report_study	B	113746	2020-05-22T13:53:00
archive	BrindlewytheData/Studies/2020/BW20_0137/Run_sheets/BW20_0137_RUN04.xlsx	xlsx	wb_results	B	42053	2020-05-22T13:53:00
archive	BrindlewytheData/Studies/2021/BW21_0240/Readouts/BW21_0240_CLIENT.pptx	pptx	deck_readout	B	129867	2021-08-19T13:53:00
archive	BrindlewytheData/Studies/2021/BW21_0240/Reports/BW21_0240_Rpt_revB.pdf	pdf	report_study	B	118327	2021-08-19T13:53:00
archive	BrindlewytheData/Studies/2021/BW21_0240/Run_sheets/BW21_0240_RUN04.xlsx	xlsx	wb_results	B	48996	2021-08-19T13:53:00
archive	BrindlewytheData/Studies/2021/BW21_0453/Proposal/BW21_0453_Quote_revA.docx	docx	word_proposal	B	59082	2021-10-19T13:18:03
archive	BrindlewytheData/Studies/2021/BW21_0453/Readouts/BW21_0453_CLIENT.pptx	pptx	deck_readout	B	169526	2021-11-25T13:53:00
archive	BrindlewytheData/Studies/2021/BW21_0453/Reports/BW21_0453_Rpt_revB.pdf	pdf	report_study	B	249006	2021-11-25T12:46:06
archive	BrindlewytheData/Studies/2021/BW21_0453/Results/BW21_0453_hERG-CYP_RUN04.xlsx	xlsx	wb_results	B	107230	2021-11-25T17:48:57
archive	BrindlewytheData/Studies/2022/BW22_0141/Reports/BW22_0141_Rpt_revB.pdf	pdf	report_study	B	120747	2022-05-12T13:53:00
archive	BrindlewytheData/Studies/2023/BW23_0061/Reports/BW23_0061_Rpt_revB.pdf	pdf	report_study	B	118686	2023-03-29T13:53:00
archive	BrindlewytheData/Studies/2024/BW24_0253/Readouts/BW24_0253_CLIENT.pptx	pptx	deck_readout	B	167483	2024-08-26T13:53:00
archive	BrindlewytheData/Studies/2024/BW24_0253/Run_sheets/BW24_0253_RUN04.xlsx	xlsx	wb_results	B	44411	2024-08-26T13:53:00
archive	BrindlewytheData/Studies/2025/BW25_0231/Readouts/BW25_0231_CLIENT.pptx	pptx	deck_readout	B	141437	2025-06-25T13:53:00
archive	BrindlewytheData/Studies/2025/BW25_0231/Run_sheets/BW25_0231_RUN04.xlsx	xlsx	wb_results	B	14251	2025-06-25T13:53:00
archive	BrindlewytheData/Studies/2025/BW25_0486/Tracking/BW25_0486_screen_gate_tracker.xlsx	xlsx	wb_tracker	B	12373	2025-12-15T13:53:00
archive	BrindlewytheData/Studies/2025/BW25_0600/Readouts/BW25_0600_CLIENT.pptx	pptx	deck_readout	B	138935	2026-01-26T13:53:00
archive	BrindlewytheData/Studies/2025/BW25_0600/Readouts/BW25_0600_CLIENT_export.pdf	pdf	deck_readout	B	202200	2026-01-27T13:53:00
archive	BrindlewytheData/Studies/2025/BW25_0600/Run_sheets/BW25_0600_RUN04.xlsx	xlsx	wb_results	B	50383	2026-01-26T13:53:00
archive	BrindlewytheData/Studies/2026/BW26_0368/Run_sheets/BW26_0368_RUN04.xlsx	xlsx	wb_results	B	12189	2026-09-18T13:53:00
archive	BrindlewytheData/Studies/2026/BW26_0401/Run_sheets/BW26_0401_RUN04.xlsx	xlsx	wb_results	B	12608	2026-09-24T13:53:00
archive	BrindlewytheData/Users/ialvarado/Working/Book1.xlsx	xlsx	junk	B	5108	2025-02-11T13:53:00
archive	BrindlewytheData/Users/rdeshmukh/Scratch/Presentation1.pptx	pptx	junk	B	28609	2023-08-09T13:53:00
archive	DurnesswickData/Admin/Finance/2025/early-CMC_rates_041525_revB.xlsx	xlsx	wb_pricelist	F	7733	2025-04-15T15:24:00
archive	DurnesswickData/Admin/Scratch/2026/Book1.xlsx	xlsx	junk	F	5192	2026-05-06T15:24:00
archive	DurnesswickData/Development/AU08/Vehicle_Ladder/Bench_Sheets/AU08_vehicle-ladder_051316_MS.xlsx	xlsx	wb_results	F	37288	2016-06-06T15:24:00
archive	DurnesswickData/Development/AU08/Vehicle_Ladder/Readouts/AU08_vehicle-ladder_060616_JC.pptx	pptx	deck_readout	F	78868	2016-06-06T15:24:00
archive	DurnesswickData/Development/AU08/Vehicle_Ladder/Reports/DL_2016_0027_report_060616_R1.pdf	pdf	report_client	F	133385	2016-06-06T15:24:00
archive	DurnesswickData/Development/AU10/Salt_Feasibility/Reports/AU10_salt-feasibility_111819_R1.pdf	pdf	report_client	F	134069	2019-11-18T15:24:00
archive	DurnesswickData/Development/EP11/Compatibility/Bench_Sheets/EP11_compatibility-matrix_092526_interim.xlsx	xlsx	wb_results	F	13066	2026-09-25T15:24:00
archive	DurnesswickData/Development/NM08/Vehicle_Compatibility/Reports/NM08_suspension_042618_R1.pdf	pdf	report_study	F	136946	2018-04-26T15:24:00
archive	DurnesswickData/Development/OD23/Vehicle_Ladder/Bench_Sheets/OD23_dilution-check_092226_revA.xlsx	xlsx	wb_results	F	26552	2026-09-22T15:24:00
archive	DurnesswickData/Development/WX11/Redispersion/Readouts/WX11 Redispersion FINAL final.pptx	pptx	deck_readout	F	78229	2018-07-24T15:24:00
archive	DurnesswickData/Development/WX19/Vehicle_Optimisation/Bench_Sheets/WX19_physical-stability_020926_hold.xlsx	xlsx	wb_results	F	24135	2026-02-09T15:24:00
archive	DurnesswickData/Development/WX19/Vehicle_Optimisation/Reports/WX19_development-note_021326_DRAFT.pdf	pdf	report_client	F	84661	2026-02-13T15:24:00
archive	DurnesswickData/Marketing/Capabilities/2024/Durnesswick_early-CMC_061824_revA.pptx	pptx	deck_capability	F	54578	2024-06-18T15:24:00
archive	DurnesswickData/Marketing/Capabilities/2026/Durnesswick_formulation_091826_v3_FINAL_final.pdf	pdf	deck_capability	F	107813	2026-09-21T15:24:00
archive	DurnesswickData/Marketing/Capabilities/2026/Durnesswick_formulation_091826_v3_FINAL_final.pptx	pptx	deck_capability	F	63303	2026-09-18T15:24:00
archive	DurnesswickData/Marketing/Service_Catalogue/2026/Durnesswick_services_020526_revA.pdf	pdf	service_catalogue	F	99250	2026-02-05T15:24:00
archive	DurnesswickData/Marketing/Working_Copies/2025/Copy of stability-cross-sell_031225.pptx	pptx	deck_internal	F	58448	2025-03-12T15:24:00
archive	DurnesswickData/Projects/JO06/Spray_Dry/Prototype_C/JO06_polymer-screen_011918_MS.xlsx	xlsx	wb_results	F	37667	2018-01-19T15:24:00
archive	DurnesswickData/Projects/JO06/Spray_Dry/Reports/JO06_polymer-shortlist_011918_R1.pdf	pdf	report_client	F	140568	2018-01-19T15:24:00
archive	DurnesswickData/Proposals/2020/NM12/NM12_vehicle-follow-up_061520_revA.docx	docx	word_proposal	F	57713	2020-06-15T15:24:00
archive	DurnesswickData/Proposals/2024/JO18/JO18_dispersion-feasibility_122324_quote.docx	docx	word_proposal	F	52241	2024-12-23T15:24:00
archive	DurnesswickData/Quality/SOPs/2025/DL_SOP_014_dilution-screen_061725_revC.docx	docx	word_sop	F	56710	2025-06-17T15:24:00
archive	DurnesswickData/Quality/Screen_Suitability/2024/bench-screen-suitability_110624_revA.pdf	pdf	word_memo	F	81100	2024-11-06T15:24:00
archive	DurnesswickData/Quality/Training/2025/recipe-card-training_080725_SIGNED.pdf	pdf	word_memo	F	94761	2025-08-07T15:24:00
archive	DurnesswickData/Scans/Proposals/2016/AU08/AU08_signed-quote_041516_scan.pdf	pdf	word_proposal	F	2486742	2016-04-15T15:24:00
archive	DurnesswickData/TechTransfer/Local_Processes/2024/pilot-lot-handoff_091924_revA.docx	docx	word_memo	F	60499	2024-09-19T15:24:00
archive	DurnesswickData/TechTransfer/NM12/Dosing/Bench_Sheets/NM12_dilution-check_092820_LP.xlsx	xlsx	wb_results	F	36792	2020-09-28T15:24:00
archive	DurnesswickData/TechTransfer/NM12/Dosing/Readouts/NM12_dosing-readout_092820_FINAL.pptx	pptx	deck_readout	F	81061	2020-09-28T15:24:00
archive	DurnesswickData/TechTransfer/NM12/Dosing/Reports/NM12-formulation-report-092820.pdf	pdf	report_client	F	100853	2020-09-28T15:24:00
archive	DurnesswickData/Templates/Working/2025/Presentation1.pptx	pptx	junk	F	30090	2025-07-16T15:24:00
archive	MerrivossData/Admin/Working/2025/Book1.xlsx	xlsx	junk	C	6149	2025-07-08T15:42:00
archive	MerrivossData/Bioanalysis/AT15/MV-2015-240/MV-2015-240_AssayWorksheet_122115_v03.xlsx	xlsx	wb_results	C	25773	2015-12-21T15:42:00
archive	MerrivossData/Bioanalysis/MV-2023-288/MV-2023-288/MV-2023-288_AssayWorksheet_112723_v03.xlsx	xlsx	wb_results	C	8516	2023-11-27T15:42:00
archive	MerrivossData/Client_Work/AP02/MV-2018-052/MV-2018-052_Quote_022018_R1.docx	docx	word_proposal	C	52737	2018-02-22T15:12:42
archive	MerrivossData/Client_Work/AP02/MV-2018-052/MV-2018-052_Report_041618_R1.pdf	pdf	report_study	C	173497	2018-04-16T18:02:17
archive	MerrivossData/Client_Work/AT15/MV-2015-240/MV-2015-240_Readout_122115_R1.pptx	pptx	deck_readout	C	114024	2015-12-21T15:42:00
archive	MerrivossData/Client_Work/AT15/MV-2015-240/MV-2015-240_Report_122115_R1.pdf	pdf	report_study	C	132138	2015-12-21T15:42:00
archive	MerrivossData/Client_Work/BP16/MV-2026-278/MV-2026-278_AssayWorksheet_092426_v03.xlsx	xlsx	wb_results	C	36637	2026-09-24T15:42:00
archive	MerrivossData/Client_Work/BP16/MV-2026-278/MV-2026-278_DDI_092426_v3_FINAL_final.pptx	pptx	deck_readout	C	145757	2026-09-24T15:42:00
archive	MerrivossData/Client_Work/CVL/MV-2016-053/MV-2016-053_Report_050916_R1.pdf	pdf	report_study	C	152420	2016-05-10T11:43:55
archive	MerrivossData/Client_Work/FM20/MV-2026-292/MV-2026-292_AssayWorksheet_092826_v03.xlsx	xlsx	wb_results	C	70780	2026-09-28T15:42:00
archive	MerrivossData/Client_Work/KT12/MV-2008-013/MV-2008-013_AssayWorksheet_032108_v03.xls	xls	wb_results	C	100864	2008-03-21T15:42:00
archive	MerrivossData/Client_Work/KT12/MV-2008-013/MV-2008-013_Report_032108_R1.pdf	pdf	report_study	C	136433	2008-03-21T15:42:00
archive	MerrivossData/Client_Work/KT12/MV-2021-284/MV-2021-284_AssayWorksheet_122021_v03.xlsx	xlsx	wb_results	C	78273	2021-12-20T15:42:00
archive	MerrivossData/Client_Work/KT12/MV-2021-284/MV-2021-284_Readout_122021_R1.pptx	pptx	deck_readout	C	173092	2021-12-20T15:42:00
archive	MerrivossData/Client_Work/KT12/MV-2021-284/MV-2021-284_Report_122021_R1.pdf	pdf	report_study	C	176825	2021-12-20T15:42:00
archive	MerrivossData/Client_Work/MV-2023-288/MV-2023-288/MV-2023-288_Readout_112723_R1.pdf	pdf	deck_readout	C	80980	2023-11-28T15:42:00
archive	MerrivossData/Client_Work/MV-2023-288/MV-2023-288/MV-2023-288_Readout_112723_R1.pptx	pptx	deck_readout	C	66146	2023-11-27T15:42:00
archive	MerrivossData/Client_Work/MV-2023-288/MV-2023-288/MV-2023-288_Report_112723_R1.pdf	pdf	report_study	C	119660	2023-11-27T15:42:00
archive	MerrivossData/Client_Work/NM08/MV-2006-090/MV-2006-090_AssayWorksheet_071806_v03.xls	xls	wb_results	C	76800	2006-07-18T15:42:00
archive	MerrivossData/Client_Work/NM08/MV-2006-090/MV-2006-090_Readout_071806_R1.ppt	ppt	deck_readout	C	874496	2006-07-18T15:42:00
archive	MerrivossData/Client_Work/NM08/MV-2006-090/MV-2006-090_Report_071806_R1.pdf	pdf	report_study	C	132133	2006-07-18T15:42:00
archive	MerrivossData/Client_Work/OB11/MV-2020-088/MV-2020-088_AssayWorksheet_042920_v03.xlsx	xlsx	wb_results	C	34534	2020-04-29T15:42:00
archive	MerrivossData/Client_Work/OB11/MV-2020-088/MV-2020-088_Readout_042920_R1.pptx	pptx	deck_readout	C	128756	2020-04-29T15:42:00
archive	MerrivossData/Client_Work/OB11/MV-2020-088/MV-2020-088_Report_042920_R1.pdf	pdf	report_study	C	134869	2020-04-29T15:42:00
archive	MerrivossData/Client_Work/OB11/MV-2022-176/MV-2022-176_AssayWorksheet_072522_R1.xlsx	xlsx	wb_results	C	49342	2022-08-10T12:38:48
archive	MerrivossData/Client_Work/OB11/MV-2022-176/MV-2022-176_Report_080822_R1.pdf	pdf	report_study	C	152756	2022-08-10T10:37:31
archive	MerrivossData/Client_Work/QP07/MV-2018-336/MV-2018-336_AssayWorksheet_022819_v03.xlsx	xlsx	wb_results	C	94520	2019-02-28T15:42:00
archive	MerrivossData/Client_Work/QP07/MV-2018-336/MV-2018-336_Readout_022819_R1.pptx	pptx	deck_readout	C	151428	2019-02-28T15:42:00
archive	MerrivossData/Client_Work/QP07/MV-2018-336/MV-2018-336_Report_022819_R1.pdf	pdf	report_study	C	134267	2019-02-28T15:42:00
archive	MerrivossData/Client_Work/ST03/MV-2015-266/MV-2015-266_AssayWorksheet_120815_R1.xlsx	xlsx	wb_results	C	112102	2015-12-28T12:45:08
archive	MerrivossData/Client_Work/ST03/MV-2015-266/MV-2015-266_Quote_110515_R1.docx	docx	word_proposal	C	57088	2015-11-06T17:47:14
archive	MerrivossData/Client_Work/ST03/MV-2015-266/MV-2015-266_Report_122815_R1.pdf	pdf	report_study	C	239875	2015-12-28T10:54:20
archive	MerrivossData/Client_Work/TP04/MV-2016-095/MV-2016-095_AssayWorksheet_061616_v03.xlsx	xlsx	wb_results	C	42206	2016-06-16T15:42:00
archive	MerrivossData/Client_Work/TP04/MV-2016-095/MV-2016-095_Readout_061616_R1.pptx	pptx	deck_readout	C	134561	2016-06-16T15:42:00
archive	MerrivossData/Client_Work/TP04/MV-2016-095/MV-2016-095_Report_061616_R1.pdf	pdf	report_study	C	137583	2016-06-16T15:42:00
archive	MerrivossData/Client_Work/TP04/MV-2024-358/MV-2024-358_AssayWorksheet_120524_R1.xlsx	xlsx	wb_results	C	105435	2024-12-19T12:28:28
archive	MerrivossData/Client_Work/TP04/MV-2024-358/MV-2024-358_Quote_111124_R1.docx	docx	word_proposal	C	58451	2024-11-12T12:01:27
archive	MerrivossData/Client_Work/TP04/MV-2024-358/MV-2024-358_Readout_121924_R1.pptx	pptx	deck_readout	C	215436	2024-12-19T15:42:00
archive	MerrivossData/Client_Work/TP04/MV-2024-358/MV-2024-358_Report_121724_R1.pdf	pdf	report_study	C	229612	2024-12-19T17:03:10
archive	MerrivossData/Marketing/Capabilities/2025/Merrivoss_DMPK_Capabilities_021825_R2.pdf	pdf	deck_capability	C	112674	2025-02-19T15:42:00
archive	MerrivossData/Marketing/Capabilities/2025/Merrivoss_DMPK_Capabilities_021825_R2.pptx	pptx	deck_capability	C	72326	2025-02-18T15:42:00
archive	MerrivossData/Marketing/Service_Catalogue/2024/Merrivoss_Service_Catalogue_021224_R1.pdf	pdf	service_catalogue	C	102818	2024-02-12T15:42:00
archive	MerrivossData/Proposals/2006/NM08/MV-2006-090_Quote_052206_R1.doc	doc	word_proposal	C	51200	2006-05-22T15:42:00
archive	MerrivossData/Proposals/2025/ST03/MV-2025-272_Quote_081825_R1.docx	docx	word_proposal	C	42706	2025-08-18T15:42:00
archive	MerrivossData/QA/SOPs/Recovery/MV_SOP_Recovery_030926_v04_DRAFT.docx	docx	word_sop	C	43509	2026-03-09T15:42:00
archive	MerrivossData/QA/Training/Matrix_Acceptance/Copy of Matrix_Acceptance_051221.pptx	pptx	deck_training	C	66670	2021-05-12T15:42:00
archive	MerrivossData/Scans/QA/2011/Matrix_Acceptance_Signoff_091311.pdf	pdf	word_memo	C	1068396	2011-09-13T15:42:00
archive	MerrivossData/Scans/Signed_Quotes/2008/MV-2008-013_SignedQuote_011108.pdf	pdf	word_proposal	C	3330901	2008-01-11T15:42:00
archive	MerrivossData/Scans/Unsorted/2018/Scan_0043.pdf	pdf	junk	C	43069	2018-10-09T15:42:00
archive	MerrivossData/Templates/Working/2026/Presentation1.pptx	pptx	junk	C	28670	2026-04-07T15:42:00
archive	QuenverellData/data/vp-b/rnaseq/processed/vp-b-covariate-model-interim-v2.xlsx	xlsx	wb_results	D	12374	2026-09-23T16:41:00
archive	QuenverellData/engagements/dt-6/deliverables/dt6-consensus-docking-report-v3.pdf	pdf	report_client	D	88518	2013-11-07T16:41:00
archive	QuenverellData/engagements/dt-6/docking/tautomers/dt6-docking-hitlist-2013-11-06.xlsx	xlsx	wb_results	D	10207	2013-11-06T16:41:00
archive	QuenverellData/engagements/dt-6/readouts/dt6-docking-hitlist-v3.pptx	pptx	deck_readout	D	50739	2013-11-06T16:41:00
archive	QuenverellData/engagements/qv.11.073/deliverables/rc3-rnaseq-batch-model-v4.pdf	pdf	report_client	D	93296	2012-04-04T16:41:00
archive	QuenverellData/engagements/qv.11.073/readouts/rc3-rnaseq-batch-model-v4.pptx	pptx	deck_readout	D	53890	2012-04-03T16:41:00
archive	QuenverellData/engagements/qv.15.065/deliverables/doventhar-junction-reanalysis-report-v2.pdf	pdf	report_client	D	92713	2015-12-24T16:41:00
archive	QuenverellData/engagements/qv.15.065/readouts/doventhar-junction-reanalysis-v2.pptx	pptx	deck_readout	D	55123	2015-12-23T16:41:00
archive	QuenverellData/engagements/qv.23.100/deliverables/corvenlith-donor-adjustment-report-v1.pdf	pdf	report_client	D	98208	2023-12-19T16:41:00
archive	QuenverellData/engagements/qv.23.100/deliverables/corvenlith-pathway-readout_v3_FINAL_final.pdf	pdf	deck_readout	D	81247	2023-12-19T16:41:00
archive	QuenverellData/engagements/qv.23.100/readouts/corvenlith-pathway-readout_v3_FINAL_final.pptx	pptx	deck_readout	D	62798	2023-12-18T16:41:00
archive	QuenverellData/engagements/qv.23.100/rnaseq/processed/corvenlith-donor-adjusted-targets-v4.xlsx	xlsx	wb_results	D	12923	2023-12-18T16:41:00
archive	QuenverellData/engagements/qv.25.086/deliverables/drelvessa-qv.25.086-docking-report-v1.pdf	pdf	report_client	D	97183	2025-11-13T13:25:42
archive	QuenverellData/engagements/qv.25.086/deliverables/dt8-pocket-water-design-readout-v1.pdf	pdf	deck_readout	D	84068	2025-11-14T16:41:00
archive	QuenverellData/engagements/qv.25.086/docking/processed/dt8-pocket-water-hit-ranks-v2.xlsx	xlsx	wb_results	D	10193	2025-11-13T16:41:00
archive	QuenverellData/engagements/qv.25.086/readouts/dt8-pocket-water-design-readout-v1.pptx	pptx	deck_readout	D	58633	2025-11-13T16:41:00
archive	QuenverellData/engagements/qv.25.103/docking/procurement/dt8-ranked-hitlist-DRAFT-v2.xlsx	xlsx	wb_results	D	10240	2025-09-29T16:41:00
archive	QuenverellData/engagements/qv.26.077/readouts/vb9-cluster-review-interim-v2.pptx	pptx	deck_readout	D	57963	2026-09-03T16:41:00
archive	QuenverellData/marketing/capabilities/2012/quenverell-bioinformatics-2012.ppt	ppt	deck_capability	D	538112	2012-10-02T10:52:28
archive	QuenverellData/marketing/capabilities/2018/quenverell-bioinformatics-capabilities-v3-2018.pptx	pptx	deck_capability	D	59110	2018-06-04T12:04:06
archive	QuenverellData/marketing/capabilities/2025/Copy of quenverell-capabilities-bioinformatics-2025.pptx	pptx	deck_capability	D	65330	2025-04-23T16:39:19
archive	QuenverellData/marketing/capabilities/2025/quenverell-capabilities-bioinformatics-2025.pdf	pdf	deck_capability	D	135310	2025-03-27T17:52:39
archive	QuenverellData/marketing/capabilities/2025/quenverell-capabilities-bioinformatics-2025.pptx	pptx	deck_capability	D	65467	2025-03-27T08:56:10
archive	QuenverellData/marketing/capabilities/2025/quenverell-capabilities-bioinformatics-2025_v2_DRAFT.pptx	pptx	deck_capability	D	67124	2025-02-28T16:03:40
archive	QuenverellData/marketing/services/2024/quenverell-services-catalogue-2024.pdf	pdf	service_catalogue	D	105514	2024-06-12T16:41:00
archive	QuenverellData/personal/nrahmani/scratch/Presentation1.pptx	pptx	junk	D	30079	2024-02-15T16:41:00
archive	QuenverellData/proposals/2023/corvenlith/corvenlith-qv.23.100-omics-proposal-v1.docx	docx	word_proposal	D	59738	2023-09-12T16:57:33
archive	QuenverellData/proposals/2025/drelvessa/dt8-qv.25.086-docking-proposal-v1.docx	docx	word_proposal	D	61195	2025-07-24T16:41:00
archive	QuenverellData/proposals/2025/jelmorath/jt8-qv.25.108-virtual-screen-quote-v1.docx	docx	word_proposal	D	60828	2025-09-09T16:41:00
archive	QuenverellData/qa/sops/data-acceptance/rnaseq-data-acceptance-sop-v3.docx	docx	word_sop	D	91978	2020-04-16T16:41:00
archive	QuenverellData/templates/analysis/scratch/Book1.xlsx	xlsx	junk	D	5076	2026-05-11T16:41:00
archive	QuenverellData/training/bioinformatics/2021/bioinformatics-for-chemists-training-v1.pptx	pptx	deck_training	D	55239	2021-06-15T15:59:08
archive	Tarnovell_Group/Brand/Guidelines/2020/Tarnovell_Brand_Guidelines_v1.docx	docx	integration_doc	HO	55975	2020-02-03T15:37:00
archive	Tarnovell_Group/Brand/Launch/2020/Tarnovell_Group_Brand_Launch_2020-02.pptx	pptx	deck_internal	HO	47150	2020-02-03T15:37:00
archive	Tarnovell_Group/Brand/Migration/2026/Brand_Migration_Status_2026-09.xlsx	xlsx	wb_tracker	HO	8865	2026-09-28T15:37:00
archive	Tarnovell_Group/Commercial/CRM/Exports/2026/Legacy_CRM_Accounts_Export_2026-07-07.csv	csv	client_list	HO	13931	2026-07-07T16:44:50
archive	Tarnovell_Group/Commercial/Cross_Sell/2026/Cross_Sell_White_Space_Matrix_DRAFT_v2.xlsx	xlsx	wb_other	HO	8600	2026-09-02T08:16:31
archive	Tarnovell_Group/Commercial/Cross_Sell/2026/One_Tarnovell_Services_Cross_Sell_2026-06.pptx	pptx	deck_pitch	HO	52214	2026-06-02T14:43:36
archive	Tarnovell_Group/Commercial/Training/2025/Copy of Quenverell_Service_Overview (2).pptx	pptx	deck_capability	HO	55261	2025-03-11T15:37:00
archive	Tarnovell_Group/Finance/Integration/2025/Integration_Benefits_Baseline_2025-12.xlsx	xlsx	wb_other	HO	11155	2025-12-12T15:37:00
archive	Tarnovell_Group/Finance/Working/2026/Book1.xlsx	xlsx	junk	HO	5039	2026-02-16T15:37:00
archive	Tarnovell_Group/Governance/Board/2021/Q4/Board_Extract_Local_Operations_2021-12.pdf	pdf	board_pack	HO	117370	2021-12-15T15:37:00
archive	Tarnovell_Group/Governance/Board/2024/Q2/Integration_Board_Update_v3_FINAL_final.pdf	pdf	board_pack	HO	86981	2024-06-20T15:37:00
archive	Tarnovell_Group/Governance/Board/2024/Q2/Integration_Board_Update_v3_FINAL_final.pptx	pptx	board_pack	HO	53574	2024-06-19T15:37:00
archive	Tarnovell_Group/Integration/Client_Identity/2026/Client_Identity_Bridge_v3_2026-08.xlsx	xlsx	wb_other	HO	10360	2026-08-25T08:21:27
archive	Tarnovell_Group/Integration/LIMS/2026/LIMS_Consolidation_Plan_DRAFT_v3.docx	docx	integration_doc	HO	41564	2026-09-22T15:37:00
archive	Tarnovell_Group/Integration/LIMS/Exports/2026/Group_LIMS_Export_2026-08-20.csv	csv	lims_export	HO	22517	2026-08-20T17:06:33
archive	Tarnovell_Group/Integration/Osterquill/2026/Osterquill_Onboarding_Access_Decision_2026-10-05.pdf	pdf	integration_doc	HO	102986	2026-10-05T15:37:00
archive	Tarnovell_Group/Integration/Pricing/2024/Price_Harmonisation_Working_v4.xlsx	xlsx	wb_pricelist	HO	9435	2026-09-18T15:37:00
archive	Tarnovell_Group/Integration/Programme/2024/One_Group_Many_Practices_Charter_v1.docx	docx	integration_doc	HO	72657	2024-04-22T15:37:00
archive	Tarnovell_Group/Integration/Programme/2026/One_Group_Many_Practices_Steering_2026-09.pptx	pptx	deck_internal	HO	51566	2026-09-21T15:37:00
archive	Tarnovell_Group/Integration/Programme/Working/Presentation1.pptx	pptx	junk	HO	29928	2024-05-07T15:37:00
archive	Tarnovell_Group/Integration/SharePoint/2025/Archive_Migration_Ownership_Procedure_v2.docx	docx	word_sop	HO	55664	2025-06-16T15:37:00
archive	Tarnovell_Group/Integration/SharePoint/2026/SharePoint_Migration_Tracker_2026-09.xlsx	xlsx	wb_tracker	HO	8860	2026-09-25T15:37:00
archive	Tarnovell_Group/People/Directory/2026/Staff_Directory_Export_2026-09.csv	csv	staff_directory	HO	35224	2026-09-14T16:42:21
archive	Tarnovell_Group/People/Integration/2025/HR_Payroll_Consolidation_Closeout_2025-12.pdf	pdf	integration_doc	HO	103121	2025-12-18T15:37:00
archive	Tarnovell_Group/People/Organisation/2025/Group_Organisation_Chart_2025-11.pptx	pptx	deck_internal	HO	107419	2025-11-12T15:37:00
archive	VellacombeData/Admin/Working/2023/Presentation1.pptx	pptx	junk	A	34357	2023-11-08T16:42:00
archive	VellacombeData/Admin/Working/2024/Book1.xlsx	xlsx	junk	A	5197	2024-04-09T16:42:00
archive	VellacombeData/Clients/CVL/VD-05-064/Delivery/CVL1105_revA.doc	doc	report_client	A	167424	2005-11-08T09:01:26
archive	VellacombeData/Clients/CVL/VD-05-064/Routes/RteB/CVL_delivery_07Nov05.xls	xls	wb_results	A	16896	2005-11-07T16:42:00
archive	VellacombeData/Clients/DT06/VD-98-076/Readouts/DT06_RteB_revC_13Apr99.ppt	ppt	deck_readout	A	856064	1999-04-13T16:42:00
archive	VellacombeData/Clients/DT06/VD-98-076/Reports/DT06_VD-98-076_RPT_revA.pdf	pdf	report_study	A	114551	1999-04-14T16:42:00
archive	VellacombeData/Clients/DT06/VD-98-076/Routes/RteB/DT06_RteB_13Apr99.xls	xls	wb_results	A	16384	1999-04-13T16:42:00
archive	VellacombeData/Clients/DT18/VD-19-120/Delivery/Lot3/DT18_route-transfer_02Mar20.xlsx	xlsx	wb_results	A	9394	2020-03-02T16:42:00
archive	VellacombeData/Clients/DT18/VD-19-120/Reports/DT18_VD-19-120_RPT_revA.pdf	pdf	report_study	A	148090	2020-03-03T16:42:00
archive	VellacombeData/Clients/DT18/VD-26-113/Readouts/DT-R_lot2_16Sep26_interim.pptx	pptx	deck_readout	A	39693	2026-09-16T16:42:00
archive	VellacombeData/Clients/EB05/VD-22-076/Delivery/LotB/EB05_resupply_24Oct22_v3_FINAL_final.xlsx	xlsx	wb_results	A	7665	2022-10-24T16:42:00
archive	VellacombeData/Clients/EB05/VD-22-076/Readouts/EB05_campaignB_24Oct22_FINAL.pptx	pptx	deck_readout	A	42697	2022-10-24T16:42:00
archive	VellacombeData/Clients/EB05/VD-96-072/Readouts/EB05_RteA_13Feb97.ppt	ppt	deck_readout	A	806400	1997-02-13T16:42:00
archive	VellacombeData/Clients/EB05/VD-96-072/Reports/EB05_VD-96-072_RPT_revA.pdf	pdf	report_study	A	113522	1997-02-14T16:42:00
archive	VellacombeData/Clients/EB05/VD-96-072/Routes/RteA/EB05_ISOL97.xls	xls	wb_results	A	16384	1997-02-13T16:42:00
archive	VellacombeData/Clients/FM20/VD-20-028/Reports/FM20_VD-20-028_RPT_revA.pdf	pdf	report_study	A	149374	2020-08-11T16:42:00
archive	VellacombeData/Clients/FT09/VD-15-134/Reports/FT09_VD-15-134_RPT_revA.pdf	pdf	report_study	A	116588	2016-03-31T16:42:00
archive	VellacombeData/Clients/NLM/VD-26-091/Routes/Scout/NLM-A_boronate_21Aug26_v2.xlsx	xlsx	wb_tracker	A	11448	2026-08-21T16:42:00
archive	VellacombeData/Clients/RC17/VD-25-066/Routes/Paused/RC17_storage_11Jun25.xlsx	xlsx	wb_tracker	A	9315	2025-06-11T16:42:00
archive	VellacombeData/Clients/RI/VD-18-131/Readouts/RI13_route_readout_24Jan19.pptx	pptx	deck_readout	A	47938	2019-01-28T12:27:45
archive	VellacombeData/Clients/RI13/VD-17-044/Reports/RI13_VD-17-044_RPT_revA.pdf	pdf	report_study	A	113726	2017-08-02T16:42:00
archive	VellacombeData/Clients/RI13/VD-18-131/Reports/RI13_VD-18-131_RPT_revA.pdf	pdf	report_study	A	88741	2019-01-29T16:42:00
archive	VellacombeData/Clients/VM14/VD-18-059/Reports/VM14_VD-18-059_RPT_revA.pdf	pdf	report_study	A	114455	2018-09-25T16:42:00
archive	VellacombeData/Clients/VP10/VD-16-033/Readouts/VP10_route_meeting_30Aug16.pptx	pptx	deck_readout	A	156152	2016-08-30T16:42:00
archive	VellacombeData/Clients/VP10/VD-16-033/Reports/VP10_VD-16-033_RPT_revA.pdf	pdf	report_study	A	112663	2016-08-31T16:42:00
archive	VellacombeData/Clients/VP10/VD-26-068/Readouts/VP-C_isolation_08Jul26_DRAFT_v3.pptx	pptx	deck_readout	A	52875	2026-07-08T16:42:00
archive	VellacombeData/Clients/VP10/VD-26-068/Routes/Coupling/VP-C_screen_08Jul26_interim.xlsx	xlsx	wb_results	A	12109	2026-07-08T16:42:00
archive	VellacombeData/Clients/VQ/VD-21-081/Reports/VQ_VD-21-081_RPT_revA.pdf	pdf	report_study	A	87208	2021-11-02T16:42:00
archive	VellacombeData/Marketing/Capabilities/2024/VD_RouteScout_12Mar24_revB.pdf	pdf	deck_capability	A	67638	2024-03-13T16:42:00
archive	VellacombeData/Marketing/Capabilities/2024/VD_RouteScout_12Mar24_revB.pptx	pptx	deck_capability	A	48124	2024-03-12T16:42:00
archive	VellacombeData/Marketing/Pitches/2023/VD_integrated-discovery_pitch_03Oct23.pptx	pptx	deck_pitch	A	46264	2023-10-09T17:00:09
archive	VellacombeData/Marketing/Services/2025/VD_service-catalogue_21Jan25.pdf	pdf	service_catalogue	A	86749	2025-01-21T16:42:00
archive	VellacombeData/Proposals/1996/EB05/EB051196.doc	doc	word_proposal	A	50688	1996-11-04T16:42:00
archive	VellacombeData/Proposals/2005/CVL/CVL_route-scout_08Jul05_revA.docx	docx	word_proposal	A	53438	2005-07-08T16:42:00
archive	VellacombeData/Proposals/2024/HV/HV_linker_estimate_16Jul24.docx	docx	word_proposal	A	60043	2024-07-16T16:42:00
archive	VellacombeData/Proposals/2025/ZT6/ZT-6_quote_15Aug25_revA.docx	docx	word_proposal	A	60374	2025-08-15T16:42:00
archive	VellacombeData/Proposals/2026/VP10/VP-C_scaleup_quote_22Apr26.docx	docx	word_proposal	A	61036	2026-04-22T16:42:00
archive	VellacombeData/QA/Audits/2025/VD_release-audit_11Mar25_signed.pdf	pdf	word_memo	A	92289	2025-03-11T16:42:00
archive	VellacombeData/QA/SOPs/Release/VD_SOP_compound-cards_revD.docx	docx	word_sop	A	56594	2024-05-21T16:42:00
archive	VellacombeData/QA/Training/2025/VD_compound-card_training_18Feb25.pptx	pptx	deck_training	A	47582	2025-02-18T16:42:00
archive	VellacombeData/Scans/1996/EB05/EB05_signed_quote_12Nov96.pdf	pdf	word_proposal	A	2822247	1996-11-12T16:42:00
archive	VellacombeData/Scans/2005/CVL/CVL_signed_scope_22Jul05.pdf	pdf	word_sow	A	2214163	2005-07-22T16:42:00
archive	VellacombeData/Scans/2012/QA/VD_purity_protocol_16Oct12.pdf	pdf	word_sop	A	3227393	2012-10-16T16:42:00
archive	VellacombeData/Templates/Unused/2025/Document1.docx	docx	junk	A	38531	2025-04-10T16:42:00
archive	WestravelleData/Marketing/Capabilities/Legacy/WA_ANALYTICAL_CAPABILITY_2011.ppt	ppt	deck_capability	E	533504	2011-09-16T16:38:00
archive	WestravelleData/Marketing/Service_Catalogue/Approved/WESTRAVELLE_SERVICES_2025_QA-APPROVED.pdf	pdf	service_catalogue	E	74770	2025-06-12T16:38:00
archive	WestravelleData/Methods/AR27/WA-2020-224/Reports/Approved/WA-2020-224_REPORT_QA-APPROVED.pdf	pdf	report_client	E	127248	2020-10-08T16:38:00
archive	WestravelleData/Methods/CU19/WA-2023-136/Readouts/Client/CU19_MethodTransferReview_QA-APPROVED.pptx	pptx	deck_readout	E	83399	2023-07-15T16:38:00
archive	WestravelleData/Methods/CU19/WA-2023-136/Results/Approved/CU19_PULLS_AND_SUITABILITY_RESULTS_Rev03.xlsx	xlsx	wb_results	E	8566	2023-07-12T16:38:00
archive	WestravelleData/Methods/KM12/WA-2013-269/Reports/Approved/WA-2013-269_REPORT_QA-APPROVED.pdf	pdf	report_client	E	137452	2014-03-19T16:38:00
archive	WestravelleData/Methods/KM12/WA-2013-269/Results/Approved/KM12_SPECIFICITY_RESULTS_Rev02.xls	xls	wb_results	E	14336	2014-03-17T16:38:00
archive	WestravelleData/Methods/OB11/WA-2017-185/Reports/Approved/WA-2017-185_REPORT_QA-APPROVED.pdf	pdf	report_client	E	137038	2017-10-22T16:38:00
archive	WestravelleData/Methods/XE2/WA-2026-275/Results/Interim/XE2_FIRST_PULL_REVIEW_DRAFT_Rev01.xlsx	xlsx	wb_results	E	9299	2026-09-29T16:38:00
archive	WestravelleData/Proposals/2020/CVL/WA-2020-313/WA-2020-313_CVL_L03_STABILITY_QUOTE_APPROVED.docx	docx	word_proposal	E	53288	2020-11-06T17:54:57
archive	WestravelleData/Proposals/2024/WA-2024-143/WA-2024-143_ZO31_VALIDATION_QUOTE.docx	docx	word_proposal	E	55095	2024-05-02T16:38:00
archive	WestravelleData/Proposals/2025/WA-2025-108/WA-2025-108_TE9_STORAGE_PULL_QUOTE.docx	docx	word_proposal	E	55066	2025-03-31T16:38:00
archive	WestravelleData/Quality/Certificates/2018/CHAMBER_04_MAPPING_CERT_SIGNED.pdf	pdf	word_memo	E	1412100	2018-09-14T16:38:00
archive	WestravelleData/Quality/SOPs/Controlled/WA-SOP-018_STABILITY_PULL_RECONCILIATION_Rev05.docx	docx	word_sop	E	83637	2023-11-09T16:38:00
archive	WestravelleData/Quality/Training/2025/PULL_HANDOVER_SYSTEM_SUITABILITY_Rev04.pptx	pptx	deck_training	E	55216	2025-04-11T16:38:00
archive	WestravelleData/Quality/Training/Reference_Copies/Copy of PLATE_ACCEPTANCE_WA_Rev01.pptx	pptx	deck_internal	E	94024	2024-09-19T16:38:00
archive	WestravelleData/Scans/Unsorted/2019/Scan_0043.pdf	pdf	junk	E	48722	2019-10-24T16:38:00
archive	WestravelleData/Stability/AT22/WA-2024-211/Readouts/Client/AT22_StabilityReview_QA-APPROVED.pptx	pptx	deck_readout	E	89169	2025-07-25T16:38:00
archive	WestravelleData/Stability/AT22/WA-2024-211/Readouts/Exports/AT22_StabilityReview_QA-APPROVED_EXPORT.pdf	pdf	deck_readout	E	138967	2025-07-25T16:38:00
archive	WestravelleData/Stability/AT22/WA-2024-211/Reports/Approved/WA-2024-211_REPORT_QA-APPROVED.pdf	pdf	report_client	E	162646	2025-07-24T16:38:00
archive	WestravelleData/Stability/AT22/WA-2024-211/Results/Approved/AT22_PULLS_AND_SUITABILITY_RESULTS_Rev03.xlsx	xlsx	wb_results	E	10688	2025-07-22T16:38:00
archive	WestravelleData/Stability/AU06/WA-2016-068/Reports/Approved/WA-2016-068_REPORT_QA-APPROVED.pdf	pdf	report_client	E	172243	2017-04-27T16:38:00
archive	WestravelleData/Stability/CVL/WA-2020-313/Readouts/Client/CVL_StabilityReview_QA-APPROVED.pptx	pptx	deck_readout	E	96908	2021-12-03T16:38:00
archive	WestravelleData/Stability/CVL/WA-2020-313/Reports/Approved/WA-2020-313_REPORT_QA-APPROVED.pdf	pdf	report_client	E	175062	2021-12-02T16:38:00
archive	WestravelleData/Stability/CVL/WA-2020-313/Results/Approved/CVL_PULLS_AND_SUITABILITY_RESULTS_Rev03.xlsx	xlsx	wb_results	E	40447	2021-11-30T16:38:00
archive	WestravelleData/Stability/EP19/WA-2011-192/Results/Approved/EP19_L02_06M_40C75RH_RESULTS.xls	xls	wb_results	E	41984	2012-05-07T16:38:00
archive	WestravelleData/Stability/EP19/WA-2011-192/Scans/Signed/EP19_L02_06M_SIGNED_ANNOTATED.pdf	pdf	report_client	E	1151086	2012-05-11T16:38:00
archive	WestravelleData/Stability/EP7/WA-2024-314/Reports/Unreleased/WA-2024-314_EP7_CLOSEOUT_DRAFT.pdf	pdf	report_study	E	101745	2024-12-03T16:38:00
archive	WestravelleData/Stability/IS3/WA-2018-082/Reports/Approved/WA-2018-082_REPORT_QA-APPROVED.pdf	pdf	report_client	E	176280	2020-05-02T16:38:00
archive	WestravelleData/Stability/IS3/WA-2018-082/Results/Approved/IS3_PULLS_AND_SUITABILITY_RESULTS_Rev03.xlsx	xlsx	wb_results	E	43365	2020-04-30T16:38:00
archive	WestravelleData/Stability/JO14/WA-2026-047/Results/Interim/JO14_FIRST_PULL_REVIEW_DRAFT_Rev01.xlsx	xlsx	wb_results	E	40176	2026-09-16T16:38:00
archive	WestravelleData/Stability/LM5/WA-2026-027/Results/Interim/LM5_FIRST_PULL_REVIEW_DRAFT_Rev01.xlsx	xlsx	wb_results	E	12584	2026-08-24T16:38:00
archive	WestravelleData/Stability/OD18/WA-2019-010/Reports/Approved/WA-2019-010_REPORT_QA-APPROVED.pdf	pdf	report_client	E	150107	2019-08-14T16:38:00
archive	WestravelleData/Stability/OD18/WA-2019-010/Results/Approved/OD18_PULLS_AND_SUITABILITY_RESULTS_Rev03.xlsx	xlsx	wb_results	E	35785	2019-08-12T16:38:00
archive	WestravelleData/Stability/PV30/WA-2021-270/Readouts/Client/PV30_StabilityReview_QA-APPROVED.pptx	pptx	deck_readout	E	86958	2022-10-03T16:38:00
archive	WestravelleData/Stability/PV30/WA-2021-270/Reports/Approved/WA-2021-270_REPORT_QA-APPROVED.pdf	pdf	report_client	E	162937	2022-10-02T16:38:00
archive	WestravelleData/Stability/PV30/WA-2021-270/Results/Approved/PV30_PULLS_AND_SUITABILITY_RESULTS_Rev03.xlsx	xlsx	wb_results	E	9638	2022-09-30T16:38:00
archive	WestravelleData/Stability/QP07/WA-2025-407/Deviation_Notes/Hold/WA-2025-407_QP07_HOLD_NOTE_Rev01.docx	docx	word_memo	E	41386	2026-02-06T16:38:00
archive	WestravelleData/Stability/WX4/WA-2015-137/Readouts/Client/WX4_StabilityReview_QA-APPROVED.pptx	pptx	deck_readout	E	90100	2017-01-26T16:38:00
archive	WestravelleData/Stability/WX4/WA-2015-137/Reports/Approved/WA-2015-137_REPORT_QA-APPROVED.pdf	pdf	report_client	E	176353	2017-01-25T16:38:00
archive	WestravelleData/Stability/WX4/WA-2015-137/Results/Approved/WX4_PULLS_AND_SUITABILITY_RESULTS_Rev03.xlsx	xlsx	wb_results	E	44698	2017-01-23T16:38:00
archive	WestravelleData/Stability/XA5/WA-2022-226/Readouts/Client/XA5_StabilityReview_QA-APPROVED.pptx	pptx	deck_readout	E	90374	2024-02-11T16:38:00
archive	WestravelleData/Stability/XA5/WA-2022-226/Reports/Approved/WA-2022-226_REPORT_QA-APPROVED.pdf	pdf	report_client	E	150609	2024-02-10T16:38:00
archive	WestravelleData/Stability/XA5/WA-2022-226/Results/Approved/XA5_PULLS_AND_SUITABILITY_RESULTS_Rev03.xlsx	xlsx	wb_results	E	9980	2024-02-08T16:38:00
archive	WestravelleData/Templates/Protocols/Working/WA_PROTOCOL_TEMPLATE_Rev06_DRAFT.docx	docx	word_sop	E	40323	2025-08-14T16:38:00
archive	WestravelleData/Users/leonw/Scratch/Presentation1.pptx	pptx	junk	E	43116	2023-02-09T16:38:00
archive	WestravelleData/Users/sairam/Scratch/Book1.xlsx	xlsx	junk	E	6021	2025-02-17T16:38:00
heldback	OsterquillData/Marketing/Capabilities/2025/Osterquill_Safety_Portfolio_051925.pptx	pptx	deck_capability	G	65329	2025-05-19T15:41:00
heldback	OsterquillData/Marketing/Capabilities/2025/PDF/Osterquill_Safety_Portfolio_051925_export.pdf	pdf	deck_capability	G	102673	2025-05-20T15:41:00
heldback	OsterquillData/Marketing/Service_Catalogue/2026/Osterquill_Service_Catalogue_100226.pdf	pdf	service_catalogue	G	88669	2026-10-02T15:41:00
heldback	OsterquillData/Marketing/Working_Copies/2024/Copy of Plate_Acceptance_092424 (2).pptx	pptx	deck_internal	G	57863	2024-09-24T15:41:00
heldback	OsterquillData/Proposals/2024/SA2/OT-24-S0136_QUOTE_061224.pdf	pdf	word_proposal	G	92497	2024-06-12T15:41:00
heldback	OsterquillData/Proposals/2025/CVL/OT-25-S0245_QUOTE_101625.docx	docx	word_proposal	G	58386	2025-10-16T15:41:00
heldback	OsterquillData/Quality/SOPs/Controlled/OQ_QA_014_Animal_Card_Control_Rev03.docx	docx	word_sop	G	40693	2024-02-06T15:41:00
heldback	OsterquillData/Quality/Training/2022/Animal_Cards_QA_Gate_061422.pptx	pptx	deck_training	G	47364	2022-06-14T15:41:00
heldback	OsterquillData/Studies/OT-08-S0114/Proposals/Signed_Copies/OT-08-S0114_QUOTE_signed_100108.pdf	pdf	word_proposal	G	5539625	2008-10-01T15:41:00
heldback	OsterquillData/Studies/OT-08-S0114/Raw_Observations/AP02_Genotox_RAW_111708.xlsx	xlsx	wb_results	G	44967	2008-11-17T15:41:00
heldback	OsterquillData/Studies/OT-10-S0019/Protocol/Signed_Pages/OT-10-S0019_PROTOCOL_A_signed.pdf	pdf	word_sow	G	6786542	2010-02-10T15:41:00
heldback	OsterquillData/Studies/OT-10-S0019/Raw_Observations/Animal_Room/NM31_DRF_041210_OBSERVATIONS.xlsx	xlsx	wb_results	G	13933	2010-04-12T15:41:00
heldback	OsterquillData/Studies/OT-15-S0064/Client_Readouts/ST03_MN_readout_071415.pptx	pptx	deck_readout	G	146696	2015-07-14T15:41:00
heldback	OsterquillData/Studies/OT-15-S0064/Signed_Reports/OT-15-S0064_RPT_A_signed.pdf	pdf	report_study	G	138049	2015-07-14T15:41:00
heldback	OsterquillData/Studies/OT-16-S0176/Raw_Observations/TP04_Genotox_RESULTS_121916.xlsx	xlsx	wb_results	G	38543	2016-12-19T15:41:00
heldback	OsterquillData/Studies/OT-16-S0176/Signed_Reports/OT-16-S0176_RPT_A_signed.pdf	pdf	report_study	G	151704	2016-12-19T15:41:00
heldback	OsterquillData/Studies/OT-17-S0011/Signed_Reports/OT-17-S0011_RPT_A_signed.pdf	pdf	report_study	G	180280	2017-05-22T15:41:00
heldback	OsterquillData/Studies/OT-18-S0075/Signed_Reports/OT-18-S0075_RPT_A_signed.pdf	pdf	report_study	G	140462	2018-07-16T15:41:00
heldback	OsterquillData/Studies/OT-19-S0100/Raw_Observations/VP10_Genotox_RESULTS_081919.xlsx	xlsx	wb_results	G	52520	2019-08-19T15:41:00
heldback	OsterquillData/Studies/OT-19-S0100/Signed_Reports/OT-19-S0100_RPT_A_signed.pdf	pdf	report_study	G	162004	2019-08-19T15:41:00
heldback	OsterquillData/Studies/OT-20-S0178/Client_Readouts/OT-20-S0178_SafetyPharm_client.pptx	pptx	deck_readout	G	172393	2020-10-20T15:41:00
heldback	OsterquillData/Studies/OT-20-S0178/Proposals/OT-20-S0178_PROPOSAL_090220.docx	docx	word_proposal	G	57425	2020-09-03T11:42:43
heldback	OsterquillData/Studies/OT-20-S0178/Raw_Observations/OT-20-S0178_SafetyPharm_RESULTS_102020.xlsx	xlsx	wb_results	G	109523	2020-10-20T15:44:08
heldback	OsterquillData/Studies/OT-20-S0178/Signed_Reports/OT-20-S0178_RPT_A_signed.pdf	pdf	report_study	G	242638	2020-10-20T12:29:06
heldback	OsterquillData/Studies/OT-20-S0198/Signed_Reports/OT-20-S0198_RPT_A_signed.pdf	pdf	report_study	G	193723	2021-02-02T15:41:00
heldback	OsterquillData/Studies/OT-23-S0046/Client_Readouts/OT-23-S0046_SafetyPharm_client_v3_FINAL_final.pptx	pptx	deck_readout	G	182628	2023-03-23T15:41:00
heldback	OsterquillData/Studies/OT-23-S0046/Proposals/OT-23-S0046_PROPOSAL_022123.docx	docx	word_proposal	G	58841	2023-02-21T15:41:00
heldback	OsterquillData/Studies/OT-23-S0046/Raw_Observations/OT-23-S0046_SafetyPharm_RESULTS_032323.xlsx	xlsx	wb_results	G	111668	2023-03-23T13:26:21
heldback	OsterquillData/Studies/OT-23-S0046/Signed_Reports/OT-23-S0046_RPT_A_signed.pdf	pdf	report_study	G	257040	2023-03-23T08:17:32
heldback	OsterquillData/Studies/OT-25-S0229/Protocol/Amendments/VP28_Protocol_Hold_102725.xlsx	xlsx	wb_tracker	G	9611	2025-10-27T15:41:00
heldback	OsterquillData/Studies/OT-26-S0177/Raw_Observations/Interim/BP16_Genotox_091826_INTERIM.xlsx	xlsx	wb_results	G	11647	2026-10-07T15:41:00
heldback	OsterquillData/Studies/OT-26-S0192/Raw_Observations/Interim/VM14_MN_092426_INTERIM.xlsx	xlsx	wb_results	G	34662	2026-10-06T15:41:00
heldback	OsterquillData/Templates/Working/Scratch/Book1.xlsx	xlsx	junk	G	5304	2025-04-22T15:41:00
heldback	OsterquillData/Users/kmorita/Scratch/Presentation1.pptx	pptx	junk	G	30114	2022-08-09T15:41:00
