Account ID,Account Name,Source System,Segment,Country,City,First Activity,Last Activity,Owner,Notes
ACC-0001,Corvenlea Ltd,Merrivoss CRM,mid pharma,UK,London,26/02/2016,26/02/2016,,possible duplicate - check with finance
ACC-0002,Corvenlea Pharma,Vellacombe CRM,mid pharma,UK,London,08/07/2005,08/07/2005,,possible duplicate - check with finance
ACC-0003,Corvenlea Pharmaceuticals plc,Westravelle CRM,mid pharma,UK,London,05/11/2020,05/11/2020,,
ACC-0004,Corvenlith Therapeutics,Quenverell CRM,biotech,US,Boston,27/02/2017,11/09/2023,,
ACC-0005,Corvenlith Therapeutics,Durnesswick CRM,biotech,US,Boston,,,,
ACC-0006,Avernelwick Pharma,Merrivoss CRM,mid pharma,UK,Oxford,20/02/2018,20/02/2018,,
ACC-0007,Avernelwick Pharmaceuticals Ltd,Brindlewythe CRM,mid pharma,UK,Oxford,23/08/2011,18/12/2025,,
ACC-0008,Selverant,Merrivoss CRM,biotech,US,San Diego,05/11/2015,18/08/2025,,
ACC-0009,Selverant Therapeutics Inc,Brindlewythe CRM,biotech,US,San Diego,27/04/2017,27/04/2017,,
ACC-0010,Tervemere Pharma AG,Brindlewythe CRM,mid pharma,Switzerland,Basel,04/06/2021,15/05/2025,,
ACC-0011,Tervemere Pharma AG,Merrivoss CRM,mid pharma,Switzerland,Basel,14/04/2016,11/11/2024,,
ACC-0012,Elvarmere Biosciences AB,Vellacombe CRM,biotech,Sweden,Uppsala,04/11/1996,26/05/2022,,
ACC-0013,Elvarmere Biosciences AB,Brindlewythe CRM,biotech,Sweden,Uppsala,02/05/2016,19/08/2026,,
ACC-0014,Elvarmere Biosciences AB,Merrivoss CRM,biotech,Sweden,Uppsala,12/04/2017,14/07/2025,,
ACC-0015,Drelvessa Therapeutics SAS,Vellacombe CRM,biotech,France,Lyon,19/10/1998,19/10/1998,,
ACC-0016,Drelvessa Therapeutics SAS,Quenverell CRM,biotech,France,Lyon,12/08/2013,27/08/2025,,
ACC-0017,Quorenthel Pharma GmbH,Brindlewythe CRM,mid pharma,Germany,Munich,14/03/2001,27/08/2026,,
ACC-0018,Quorenthel Pharma GmbH,Merrivoss CRM,mid pharma,Germany,Munich,21/12/2018,21/12/2018,,
ACC-0019,Quorenthel Pharma GmbH,Westravelle CRM,mid pharma,Germany,Munich,09/12/2025,09/12/2025,,
ACC-0020,Nimbravelle Medicines Inc,Merrivoss CRM,virtual biotech,US,Seattle,22/05/2006,14/09/2023,,
ACC-0021,Nimbravelle Medicines Inc,Durnesswick CRM,virtual biotech,US,Seattle,10/01/2018,15/06/2020,,
ACC-0022,Feldorune Therapeutics BV,Vellacombe CRM,biotech,Netherlands,Leiden,04/11/2015,04/11/2015,,
ACC-0023,Feldorune Therapeutics BV,Brindlewythe CRM,biotech,Netherlands,Leiden,06/06/2018,06/06/2018,,
ACC-0024,Feldorune Therapeutics BV,Merrivoss CRM,biotech,Netherlands,Leiden,,,,
ACC-0025,Valquessia Pharmaceuticals SpA,Vellacombe CRM,mid pharma,Italy,Milan,04/03/2016,22/04/2026,,
ACC-0026,Valquessia Pharmaceuticals SpA,Quenverell CRM,mid pharma,Italy,Milan,08/07/2026,08/07/2026,,
ACC-0027,Orvessant Biosciences Pty Ltd,Brindlewythe CRM,biotech,Australia,Melbourne,22/10/2019,02/09/2026,,
ACC-0028,Orvessant Biosciences Pty Ltd,Merrivoss CRM,biotech,Australia,Melbourne,25/03/2020,13/06/2022,,
ACC-0029,Orvessant Biosciences Pty Ltd,Westravelle CRM,biotech,Australia,Melbourne,24/07/2017,24/07/2017,,
ACC-0030,Kelbravik Therapeutics ApS,Merrivoss CRM,virtual biotech,Denmark,Copenhagen,10/01/2008,27/09/2021,,
ACC-0031,Kelbravik Therapeutics ApS,Durnesswick CRM,virtual biotech,Denmark,Copenhagen,,,,
ACC-0032,Rennelwick Institute Drug Discovery Unit,Vellacombe CRM,academic,UK,Bristol,23/03/2017,28/09/2018,,
ACC-0033,Rennelwick Institute Drug Discovery Unit,Brindlewythe CRM,academic,UK,Bristol,27/03/2020,15/07/2024,,
ACC-0034,Rennelwick Institute Drug Discovery Unit,Merrivoss CRM,academic,UK,Bristol,13/04/2022,13/04/2022,,
ACC-0035,Vesselquarn Medical Research Trust,Vellacombe CRM,academic,Ireland,Dublin,25/04/2018,25/04/2018,,
ACC-0036,Vesselquarn Medical Research Trust,Quenverell CRM,academic,Ireland,Dublin,05/03/2018,05/03/2018,,
ACC-0037,Aldrevessa Therapeutics,Merrivoss CRM,biotech,Canada,Toronto,05/10/2015,05/10/2015,,
ACC-0038,Aldrevessa Therapeutics,Westravelle CRM,biotech,Canada,Toronto,01/07/2024,01/07/2024,,
ACC-0039,Aldrevessa Therapeutics,Durnesswick CRM,biotech,Canada,Toronto,,,,
ACC-0040,Belquorin Pharma,Brindlewythe CRM,mid pharma,Belgium,Brussels,21/04/2003,09/06/2025,,
ACC-0041,Belquorin Pharma,Merrivoss CRM,mid pharma,Belgium,Brussels,13/08/2026,13/08/2026,,
ACC-0042,Cadrunelle Biosciences,Brindlewythe CRM,biotech,France,Paris,29/07/2015,29/03/2022,,
ACC-0043,Cadrunelle Biosciences,Merrivoss CRM,biotech,France,Paris,06/08/2026,06/08/2026,,
ACC-0044,Doventhar Therapeutics,Vellacombe CRM,virtual biotech,US,Boston,02/09/2019,13/07/2026,,
ACC-0045,Doventhar Therapeutics,Quenverell CRM,virtual biotech,US,Boston,24/08/2015,24/08/2015,,
ACC-0046,Esmervane Pharmaceuticals,Westravelle CRM,generics,India,Mumbai,12/10/2011,03/10/2024,,
ACC-0047,Esmervane Pharmaceuticals,Durnesswick CRM,generics,India,Mumbai,25/07/2016,29/07/2026,,
ACC-0048,Farnovessa Medicines,Vellacombe CRM,biotech,UK,Cambridge,19/02/2020,19/02/2020,,
ACC-0049,Farnovessa Medicines,Brindlewythe CRM,biotech,UK,Cambridge,06/02/2023,13/10/2025,,
ACC-0050,Farnovessa Medicines,Merrivoss CRM,biotech,UK,Cambridge,18/08/2026,18/08/2026,,
ACC-0051,Grespalune Therapeutics,Brindlewythe CRM,biotech,Germany,Berlin,,,,
ACC-0052,Grespalune Therapeutics,Merrivoss CRM,biotech,Germany,Berlin,,,,
ACC-0053,Havorlenn Pharma,Brindlewythe CRM,mid pharma,Norway,Oslo,,,,
ACC-0054,Havorlenn Pharma,Merrivoss CRM,mid pharma,Norway,Oslo,,,,
ACC-0055,Istravune Biosciences,Merrivoss CRM,biotech,Spain,Barcelona,,,,
ACC-0056,Istravune Biosciences,Westravelle CRM,biotech,Spain,Barcelona,23/03/2018,23/03/2018,,
ACC-0057,Istravune Biosciences,Durnesswick CRM,biotech,Spain,Barcelona,,,,
ACC-0058,Jelmorath Therapeutics,Vellacombe CRM,virtual biotech,US,Austin,,,,
ACC-0059,Jelmorath Therapeutics,Quenverell CRM,virtual biotech,US,Austin,09/09/2025,09/09/2025,,
ACC-0060,Kestravelle Animal Health,Brindlewythe CRM,animal health,Netherlands,Utrecht,,,,
ACC-0061,Lomervessa Pharma,Merrivoss CRM,mid pharma,Portugal,Lisbon,16/07/2026,16/07/2026,,
ACC-0062,Lomervessa Pharma,Westravelle CRM,mid pharma,Portugal,Lisbon,20/01/2026,20/01/2026,,
ACC-0063,Marnelquith Therapeutics,Merrivoss CRM,biotech,Ireland,Cork,,,,
ACC-0064,Marnelquith Therapeutics,Westravelle CRM,biotech,Ireland,Cork,,,,
ACC-0065,Marnelquith Therapeutics,Durnesswick CRM,biotech,Ireland,Cork,,,,
ACC-0066,Nelmudara Biosciences,Vellacombe CRM,biotech,Finland,Helsinki,09/06/2026,09/06/2026,,
ACC-0067,Nelmudara Biosciences,Brindlewythe CRM,biotech,Finland,Helsinki,,,,
ACC-0068,Nelmudara Biosciences,Merrivoss CRM,biotech,Finland,Helsinki,,,,
ACC-0069,Odraverne Pharmaceuticals,Westravelle CRM,generics,India,Ahmedabad,03/01/2019,03/01/2019,,
ACC-0070,Odraverne Pharmaceuticals,Durnesswick CRM,generics,India,Ahmedabad,01/02/2016,04/08/2026,,
ACC-0071,Pelmucent Therapeutics,Vellacombe CRM,virtual biotech,US,San Francisco,,,,
ACC-0072,Pelmucent Therapeutics,Quenverell CRM,virtual biotech,US,San Francisco,20/05/2019,20/05/2019,,
ACC-0073,Quessavorn Pharma,Brindlewythe CRM,big pharma,Switzerland,Zurich,,,,
ACC-0074,Quessavorn Pharma,Merrivoss CRM,big pharma,Switzerland,Zurich,,,,
ACC-0075,Raveldessa Biosciences,Vellacombe CRM,biotech,Canada,Montreal,,,,
ACC-0076,Raveldessa Biosciences,Brindlewythe CRM,biotech,Canada,Montreal,,,,
ACC-0077,Raveldessa Biosciences,Merrivoss CRM,biotech,Canada,Montreal,,,,
ACC-0078,Sedravik Therapeutics,Brindlewythe CRM,biotech,Sweden,Stockholm,,,,
ACC-0079,Sedravik Therapeutics,Merrivoss CRM,biotech,Sweden,Stockholm,,,,
ACC-0080,Tovesslen Pharmaceuticals,Brindlewythe CRM,mid pharma,Poland,Warsaw,,,,
ACC-0081,Tovesslen Pharmaceuticals,Merrivoss CRM,mid pharma,Poland,Warsaw,,,,
ACC-0082,Ulvornessa Medicines,Merrivoss CRM,virtual biotech,Australia,Sydney,,,,
ACC-0083,Vardelquith Agrochem,Brindlewythe CRM,agrochem,Belgium,Ghent,,,,
ACC-0084,Welmorath Therapeutics,Brindlewythe CRM,biotech,UK,Manchester,,,,
ACC-0085,Welmorath Therapeutics,Merrivoss CRM,biotech,UK,Manchester,,,,
ACC-0086,Xelvessune Pharma,Merrivoss CRM,mid pharma,South Korea,Seoul,,,,
ACC-0087,Xelvessune Pharma,Westravelle CRM,mid pharma,South Korea,Seoul,11/08/2026,11/08/2026,,
ACC-0088,Yarvesselle Biosciences,Merrivoss CRM,biotech,Japan,Tokyo,,,,
ACC-0089,Yarvesselle Biosciences,Westravelle CRM,biotech,Japan,Tokyo,,,,
ACC-0090,Yarvesselle Biosciences,Durnesswick CRM,biotech,Japan,Tokyo,,,,
ACC-0091,Zelmorven Therapeutics,Vellacombe CRM,biotech,Singapore,Singapore,15/08/2025,15/08/2025,,
ACC-0092,Zelmorven Therapeutics,Brindlewythe CRM,biotech,Singapore,Singapore,,,,
ACC-0093,Zelmorven Therapeutics,Merrivoss CRM,biotech,Singapore,Singapore,,,,
ACC-0094,Ardelvune Pharmaceuticals,Westravelle CRM,generics,India,Hyderabad,07/08/2020,07/08/2020,,
ACC-0095,Ardelvune Pharmaceuticals,Durnesswick CRM,generics,India,Hyderabad,,,,
ACC-0096,Bravossent Therapeutics,Vellacombe CRM,virtual biotech,US,Denver,,,,
ACC-0097,Bravossent Therapeutics,Quenverell CRM,virtual biotech,US,Denver,03/06/2016,03/06/2016,,
ACC-0098,Celmorath Pharma,Brindlewythe CRM,mid pharma,Czechia,Prague,,,,
ACC-0099,Celmorath Pharma,Merrivoss CRM,mid pharma,Czechia,Prague,30/05/2024,30/05/2024,,
ACC-0100,Darmeciel Biosciences,Vellacombe CRM,biotech,Austria,Vienna,,,,
ACC-0101,Darmeciel Biosciences,Brindlewythe CRM,biotech,Austria,Vienna,,,,
ACC-0102,Darmeciel Biosciences,Merrivoss CRM,biotech,Austria,Vienna,,,,
ACC-0103,Emlucera Therapeutics,Brindlewythe CRM,biotech,New Zealand,Auckland,,,,
ACC-0104,Emlucera Therapeutics,Merrivoss CRM,biotech,New Zealand,Auckland,,,,
ACC-0105,Felmorvane Pharma,Brindlewythe CRM,big pharma,Germany,Frankfurt,,,,
ACC-0106,Felmorvane Pharma,Merrivoss CRM,big pharma,Germany,Frankfurt,,,,
ACC-0107,Garnelquith Medicines,Merrivoss CRM,virtual biotech,US,Cambridge,,,,
ACC-0108,Helvessora Biosciences,Vellacombe CRM,biotech,Israel,Tel Aviv,16/07/2024,16/07/2024,,
ACC-0109,Helvessora Biosciences,Brindlewythe CRM,biotech,Israel,Tel Aviv,,,,
ACC-0110,Helvessora Biosciences,Merrivoss CRM,biotech,Israel,Tel Aviv,,,,
ACC-0111,Ilcavreth Therapeutics,Brindlewythe CRM,biotech,Italy,Bologna,,,,
ACC-0112,Ilcavreth Therapeutics,Merrivoss CRM,biotech,Italy,Bologna,,,,
ACC-0113,Jorvessara Pharmaceuticals,Westravelle CRM,generics,South Africa,Johannesburg,05/02/2026,05/02/2026,,
ACC-0114,Jorvessara Pharmaceuticals,Durnesswick CRM,generics,South Africa,Johannesburg,23/10/2017,23/12/2024,,
ACC-0115,Kalmorveth Pharma,Vellacombe CRM,mid pharma,Mexico,Mexico City,,,,
ACC-0116,Kalmorveth Pharma,Westravelle CRM,mid pharma,Mexico,Mexico City,20/12/2013,20/12/2013,,
ACC-0117,Kalmorveth Pharma,Durnesswick CRM,mid pharma,Mexico,Mexico City,,,,
ACC-0118,Lervessune Therapeutics,Vellacombe CRM,biotech,Brazil,Sao Paulo,,,,
ACC-0119,Lervessune Therapeutics,Brindlewythe CRM,biotech,Brazil,Sao Paulo,,,,
ACC-0120,Lervessune Therapeutics,Merrivoss CRM,biotech,Brazil,Sao Paulo,,,,
ACC-0121,Meldravora Biosciences,Brindlewythe CRM,biotech,Denmark,Copenhagen,,,,
ACC-0122,Meldravora Biosciences,Merrivoss CRM,biotech,Denmark,Copenhagen,,,,
ACC-0123,Norrustel Animal Health,Brindlewythe CRM,animal health,New Zealand,Wellington,,,,
ACC-0124,Osselmorath Therapeutics,Brindlewythe CRM,virtual biotech,US,Los Angeles,,,,
ACC-0125,Osselmorath Therapeutics,Merrivoss CRM,virtual biotech,US,Los Angeles,,,,
ACC-0126,Parvessune Pharmaceuticals,Merrivoss CRM,mid pharma,Taiwan,Taipei,20/03/2019,20/03/2019,,
ACC-0127,Parvessune Pharmaceuticals,Westravelle CRM,mid pharma,Taiwan,Taipei,16/09/2021,16/09/2021,,
ACC-0128,Qeldravora Biosciences,Brindlewythe CRM,biotech,China,Shanghai,,,,
ACC-0129,Qeldravora Biosciences,Merrivoss CRM,biotech,China,Shanghai,,,,
ACC-0130,Rimucavel Therapeutics,Vellacombe CRM,biotech,Switzerland,Lausanne,23/04/2025,23/04/2025,,
ACC-0131,Rimucavel Therapeutics,Quenverell CRM,biotech,Switzerland,Lausanne,23/12/2011,01/03/2024,,
ACC-0132,Sarnelvessa Agrochem,Brindlewythe CRM,agrochem,France,Reims,,,,
ACC-0133,Telquorath Pharma,Vellacombe CRM,mid pharma,Hungary,Budapest,,,,
ACC-0134,Telquorath Pharma,Westravelle CRM,mid pharma,Hungary,Budapest,31/03/2025,31/03/2025,,
ACC-0135,Telquorath Pharma,Durnesswick CRM,mid pharma,Hungary,Budapest,,,,
ACC-0136,Urdelvessa Therapeutics,Brindlewythe CRM,virtual biotech,UK,Edinburgh,,,,
ACC-0137,Urdelvessa Therapeutics,Merrivoss CRM,virtual biotech,UK,Edinburgh,,,,
ACC-0138,Vornelquith Biosciences,Vellacombe CRM,biotech,Norway,Bergen,04/06/2021,04/06/2021,,
ACC-0139,Vornelquith Biosciences,Quenverell CRM,biotech,Norway,Bergen,12/06/2026,12/06/2026,,
ACC-0140,Wexanthel Medicines,Merrivoss CRM,biotech,Australia,Brisbane,,,,
ACC-0141,Wexanthel Medicines,Westravelle CRM,biotech,Australia,Brisbane,09/06/2015,09/06/2015,,
ACC-0142,Wexanthel Medicines,Durnesswick CRM,biotech,Australia,Brisbane,14/05/2018,01/12/2025,,
ACC-0143,Xarnelvune Pharmaceuticals,Westravelle CRM,generics,Thailand,Bangkok,27/07/2022,27/07/2022,,
ACC-0144,Xarnelvune Pharmaceuticals,Durnesswick CRM,generics,Thailand,Bangkok,,,,
ACC-0145,Yondravik Therapeutics,Brindlewythe CRM,biotech,Canada,Vancouver,,,,
ACC-0146,Yondravik Therapeutics,Merrivoss CRM,biotech,Canada,Vancouver,,,,
ACC-0147,Zostremal Pharma,Vellacombe CRM,mid pharma,Chile,Santiago,,,,
ACC-0148,Zostremal Pharma,Westravelle CRM,mid pharma,Chile,Santiago,02/05/2024,02/05/2024,,
ACC-0149,Zostremal Pharma,Durnesswick CRM,mid pharma,Chile,Santiago,,,,
ACC-0150,Auvrelquith Biosciences,Merrivoss CRM,biotech,Iceland,Reykjavik,,,,
ACC-0151,Auvrelquith Biosciences,Westravelle CRM,biotech,Iceland,Reykjavik,14/03/2016,14/03/2016,,
ACC-0152,Auvrelquith Biosciences,Durnesswick CRM,biotech,Iceland,Reykjavik,04/04/2016,05/09/2019,,
ACC-0153,Bevrasselle Therapeutics,Merrivoss CRM,virtual biotech,US,San Diego,,,,
ACC-0154,Culdrevane Pharma,Vellacombe CRM,mid pharma,Slovenia,Ljubljana,,,,
ACC-0155,Culdrevane Pharma,Westravelle CRM,mid pharma,Slovenia,Ljubljana,28/04/2023,28/04/2023,,
ACC-0156,Culdrevane Pharma,Durnesswick CRM,mid pharma,Slovenia,Ljubljana,,,,
